filename,label
Image_0.jpg,RED ADMIRAL
Image_1.jpg,APPOLLO
Image_10.jpg,ATALA
Image_100.jpg,RED SPOTTED PURPLE
Image_1000.jpg,MALACHITE
Image_1001.jpg,SOOTYWING
Image_1002.jpg,EASTERN PINE ELFIN
Image_1003.jpg,CLEOPATRA
Image_1004.jpg,PIPEVINE SWALLOW
Image_1005.jpg,GREAT JAY
Image_1006.jpg,BANDED ORANGE HELICONIAN
Image_1007.jpg,MILBERTS TORTOISESHELL
Image_1008.jpg,JULIA
Image_1009.jpg,POPINJAY
Image_101.jpg,MALACHITE
Image_1010.jpg,GREY HAIRSTREAK
Image_1011.jpg,POPINJAY
Image_1012.jpg,BANDED ORANGE HELICONIAN
Image_1013.jpg,BECKERS WHITE
Image_1014.jpg,RED SPOTTED PURPLE
Image_1015.jpg,GREY HAIRSTREAK
Image_1016.jpg,RED SPOTTED PURPLE
Image_1017.jpg,MALACHITE
Image_1018.jpg,MOURNING CLOAK
Image_1019.jpg,ATALA
Image_102.jpg,MALACHITE
Image_1020.jpg,CRIMSON PATCH
Image_1021.jpg,PEACOCK
Image_1022.jpg,ORANGE TIP
Image_1023.jpg,RED POSTMAN
Image_1024.jpg,CAIRNS BIRDWING
Image_1025.jpg,CHECQUERED SKIPPER
Image_1026.jpg,PEACOCK
Image_1027.jpg,MILBERTS TORTOISESHELL
Image_1028.jpg,PAPER KITE
Image_1029.jpg,CAIRNS BIRDWING
Image_103.jpg,RED SPOTTED PURPLE
Image_1030.jpg,GREEN CELLED CATTLEHEART
Image_1031.jpg,PURPLISH COPPER
Image_1032.jpg,CRECENT
Image_1033.jpg,CRECENT
Image_1034.jpg,BROWN SIPROETA
Image_1035.jpg,BANDED ORANGE HELICONIAN
Image_1036.jpg,CHESTNUT
Image_1037.jpg,SOUTHERN DOGFACE
Image_1038.jpg,BLACK HAIRSTREAK
Image_1039.jpg,IPHICLUS SISTER
Image_104.jpg,SLEEPY ORANGE
Image_1040.jpg,IPHICLUS SISTER
Image_1041.jpg,MONARCH
Image_1042.jpg,PEACOCK
Image_1043.jpg,BROWN SIPROETA
Image_1044.jpg,PAINTED LADY
Image_1045.jpg,METALMARK
Image_1046.jpg,PINE WHITE
Image_1047.jpg,LARGE MARBLE
Image_1048.jpg,IPHICLUS SISTER
Image_1049.jpg,POPINJAY
Image_105.jpg,RED CRACKER
Image_1050.jpg,CABBAGE WHITE
Image_1051.jpg,MESTRA
Image_1052.jpg,COMMON WOOD-NYMPH
Image_1053.jpg,BECKERS WHITE
Image_1054.jpg,PEACOCK
Image_1055.jpg,CLOUDED SULPHUR
Image_1056.jpg,TROPICAL LEAFWING
Image_1057.jpg,ULYSES
Image_1058.jpg,CRIMSON PATCH
Image_1059.jpg,AN 88
Image_106.jpg,COMMON BANDED AWL
Image_1060.jpg,SILVER SPOT SKIPPER
Image_1061.jpg,AFRICAN GIANT SWALLOWTAIL
Image_1062.jpg,SCARCE SWALLOW
Image_1063.jpg,EASTERN DAPPLE WHITE
Image_1064.jpg,ELBOWED PIERROT
Image_1065.jpg,BROWN SIPROETA
Image_1066.jpg,PAPER KITE
Image_1067.jpg,GOLD BANDED
Image_1068.jpg,TROPICAL LEAFWING
Image_1069.jpg,PAINTED LADY
Image_107.jpg,EASTERN PINE ELFIN
Image_1070.jpg,CHECQUERED SKIPPER
Image_1071.jpg,APPOLLO
Image_1072.jpg,PINE WHITE
Image_1073.jpg,CRECENT
Image_1074.jpg,YELLOW SWALLOW TAIL
Image_1075.jpg,PINE WHITE
Image_1076.jpg,PURPLISH COPPER
Image_1077.jpg,ATALA
Image_1078.jpg,POPINJAY
Image_1079.jpg,RED SPOTTED PURPLE
Image_108.jpg,GREAT JAY
Image_1080.jpg,CLOUDED SULPHUR
Image_1081.jpg,VICEROY
Image_1082.jpg,BLUE SPOTTED CROW
Image_1083.jpg,BANDED PEACOCK
Image_1084.jpg,BECKERS WHITE
Image_1085.jpg,SOUTHERN DOGFACE
Image_1086.jpg,AFRICAN GIANT SWALLOWTAIL
Image_1087.jpg,MONARCH
Image_1088.jpg,ORANGE TIP
Image_1089.jpg,RED ADMIRAL
Image_109.jpg,CRECENT
Image_1090.jpg,ORANGE OAKLEAF
Image_1091.jpg,GREEN CELLED CATTLEHEART
Image_1092.jpg,GREAT JAY
Image_1093.jpg,ELBOWED PIERROT
Image_1094.jpg,EASTERN PINE ELFIN
Image_1095.jpg,WOOD SATYR
Image_1096.jpg,SLEEPY ORANGE
Image_1097.jpg,MOURNING CLOAK
Image_1098.jpg,PINE WHITE
Image_1099.jpg,ADONIS
Image_11.jpg,TWO BARRED FLASHER
Image_110.jpg,ORCHARD SWALLOW
Image_1100.jpg,AN 88
Image_1101.jpg,RED CRACKER
Image_1102.jpg,PINE WHITE
Image_1103.jpg,MOURNING CLOAK
Image_1104.jpg,CRIMSON PATCH
Image_1105.jpg,GREAT EGGFLY
Image_1106.jpg,CABBAGE WHITE
Image_1107.jpg,CHECQUERED SKIPPER
Image_1108.jpg,ORCHARD SWALLOW
Image_1109.jpg,EASTERN COMA
Image_111.jpg,IPHICLUS SISTER
Image_1110.jpg,PURPLE HAIRSTREAK
Image_1111.jpg,BANDED PEACOCK
Image_1112.jpg,MESTRA
Image_1113.jpg,MANGROVE SKIPPER
Image_1114.jpg,AMERICAN SNOOT
Image_1115.jpg,COMMON BANDED AWL
Image_1116.jpg,RED CRACKER
Image_1117.jpg,POPINJAY
Image_1118.jpg,RED CRACKER
Image_1119.jpg,SCARCE SWALLOW
Image_112.jpg,ORANGE TIP
Image_1120.jpg,EASTERN PINE ELFIN
Image_1121.jpg,MOURNING CLOAK
Image_1122.jpg,EASTERN COMA
Image_1123.jpg,AFRICAN GIANT SWALLOWTAIL
Image_1124.jpg,MONARCH
Image_1125.jpg,RED SPOTTED PURPLE
Image_1126.jpg,PEACOCK
Image_1127.jpg,ORANGE OAKLEAF
Image_1128.jpg,ORANGE OAKLEAF
Image_1129.jpg,TROPICAL LEAFWING
Image_113.jpg,PURPLE HAIRSTREAK
Image_1130.jpg,CLEOPATRA
Image_1131.jpg,PINE WHITE
Image_1132.jpg,APPOLLO
Image_1133.jpg,AFRICAN GIANT SWALLOWTAIL
Image_1134.jpg,BROWN SIPROETA
Image_1135.jpg,AN 88
Image_1136.jpg,BANDED PEACOCK
Image_1137.jpg,MILBERTS TORTOISESHELL
Image_1138.jpg,MONARCH
Image_1139.jpg,MONARCH
Image_114.jpg,SILVER SPOT SKIPPER
Image_1140.jpg,PAINTED LADY
Image_1141.jpg,COMMON BANDED AWL
Image_1142.jpg,YELLOW SWALLOW TAIL
Image_1143.jpg,EASTERN DAPPLE WHITE
Image_1144.jpg,MONARCH
Image_1145.jpg,MANGROVE SKIPPER
Image_1146.jpg,ORCHARD SWALLOW
Image_1147.jpg,AFRICAN GIANT SWALLOWTAIL
Image_1148.jpg,ORCHARD SWALLOW
Image_1149.jpg,MOURNING CLOAK
Image_115.jpg,GOLD BANDED
Image_1150.jpg,APPOLLO
Image_1151.jpg,PINE WHITE
Image_1152.jpg,JULIA
Image_1153.jpg,RED POSTMAN
Image_1154.jpg,APPOLLO
Image_1155.jpg,AMERICAN SNOOT
Image_1156.jpg,ZEBRA LONG WING
Image_1157.jpg,SOOTYWING
Image_1158.jpg,BANDED ORANGE HELICONIAN
Image_1159.jpg,MOURNING CLOAK
Image_116.jpg,ATALA
Image_1160.jpg,CHECQUERED SKIPPER
Image_1161.jpg,PAPER KITE
Image_1162.jpg,RED POSTMAN
Image_1163.jpg,BROWN SIPROETA
Image_1164.jpg,ORANGE TIP
Image_1165.jpg,MOURNING CLOAK
Image_1166.jpg,GREY HAIRSTREAK
Image_1167.jpg,YELLOW SWALLOW TAIL
Image_1168.jpg,EASTERN COMA
Image_1169.jpg,ATALA
Image_117.jpg,MONARCH
Image_1170.jpg,MANGROVE SKIPPER
Image_1171.jpg,ELBOWED PIERROT
Image_1172.jpg,ORANGE OAKLEAF
Image_1173.jpg,ATALA
Image_1174.jpg,ADONIS
Image_1175.jpg,CRIMSON PATCH
Image_1176.jpg,CRECENT
Image_1177.jpg,BLUE SPOTTED CROW
Image_1178.jpg,YELLOW SWALLOW TAIL
Image_1179.jpg,AMERICAN SNOOT
Image_118.jpg,ZEBRA LONG WING
Image_1180.jpg,ZEBRA LONG WING
Image_1181.jpg,MESTRA
Image_1182.jpg,PINE WHITE
Image_1183.jpg,CLEOPATRA
Image_1184.jpg,GREEN CELLED CATTLEHEART
Image_1185.jpg,GREY HAIRSTREAK
Image_1186.jpg,POPINJAY
Image_1187.jpg,MONARCH
Image_1188.jpg,BROWN SIPROETA
Image_1189.jpg,CHESTNUT
Image_119.jpg,COMMON BANDED AWL
Image_1190.jpg,GREY HAIRSTREAK
Image_1191.jpg,ORANGE TIP
Image_1192.jpg,CLEOPATRA
Image_1193.jpg,RED CRACKER
Image_1194.jpg,MANGROVE SKIPPER
Image_1195.jpg,BLACK HAIRSTREAK
Image_1196.jpg,EASTERN PINE ELFIN
Image_1197.jpg,PURPLISH COPPER
Image_1198.jpg,SLEEPY ORANGE
Image_1199.jpg,LARGE MARBLE
Image_12.jpg,CHECQUERED SKIPPER
Image_120.jpg,ORCHARD SWALLOW
Image_1200.jpg,ORANGE TIP
Image_1201.jpg,BANDED PEACOCK
Image_1202.jpg,APPOLLO
Image_1203.jpg,YELLOW SWALLOW TAIL
Image_1204.jpg,GREAT JAY
Image_1205.jpg,CHESTNUT
Image_1206.jpg,CABBAGE WHITE
Image_1207.jpg,ORCHARD SWALLOW
Image_1208.jpg,RED CRACKER
Image_1209.jpg,INDRA SWALLOW
Image_121.jpg,DANAID EGGFLY
Image_1210.jpg,ORCHARD SWALLOW
Image_1211.jpg,MALACHITE
Image_1212.jpg,ATALA
Image_1213.jpg,MONARCH
Image_1214.jpg,GREAT EGGFLY
Image_1215.jpg,CHECQUERED SKIPPER
Image_1216.jpg,MONARCH
Image_1217.jpg,CABBAGE WHITE
Image_1218.jpg,MALACHITE
Image_1219.jpg,AN 88
Image_122.jpg,COMMON BANDED AWL
Image_1220.jpg,COPPER TAIL
Image_1221.jpg,SCARCE SWALLOW
Image_1222.jpg,AN 88
Image_1223.jpg,BANDED ORANGE HELICONIAN
Image_1224.jpg,CRIMSON PATCH
Image_1225.jpg,GREAT JAY
Image_1226.jpg,MILBERTS TORTOISESHELL
Image_1227.jpg,GREEN CELLED CATTLEHEART
Image_1228.jpg,SILVER SPOT SKIPPER
Image_1229.jpg,AN 88
Image_123.jpg,SOOTYWING
Image_1230.jpg,APPOLLO
Image_1231.jpg,COPPER TAIL
Image_1232.jpg,BANDED ORANGE HELICONIAN
Image_1233.jpg,EASTERN PINE ELFIN
Image_1234.jpg,PIPEVINE SWALLOW
Image_1235.jpg,COMMON BANDED AWL
Image_1236.jpg,ZEBRA LONG WING
Image_1237.jpg,CLOUDED SULPHUR
Image_1238.jpg,PEACOCK
Image_1239.jpg,CABBAGE WHITE
Image_124.jpg,QUESTION MARK
Image_1240.jpg,COMMON WOOD-NYMPH
Image_1241.jpg,SLEEPY ORANGE
Image_1242.jpg,PURPLE HAIRSTREAK
Image_1243.jpg,SOOTYWING
Image_1244.jpg,ATALA
Image_1245.jpg,BLUE MORPHO
Image_1246.jpg,SLEEPY ORANGE
Image_1247.jpg,CAIRNS BIRDWING
Image_1248.jpg,COMMON WOOD-NYMPH
Image_1249.jpg,MOURNING CLOAK
Image_125.jpg,QUESTION MARK
Image_1250.jpg,ORANGE TIP
Image_1251.jpg,EASTERN DAPPLE WHITE
Image_1252.jpg,BANDED ORANGE HELICONIAN
Image_1253.jpg,PINE WHITE
Image_1254.jpg,ZEBRA LONG WING
Image_1255.jpg,EASTERN COMA
Image_1256.jpg,PINE WHITE
Image_1257.jpg,ADONIS
Image_1258.jpg,SILVER SPOT SKIPPER
Image_1259.jpg,BROWN SIPROETA
Image_126.jpg,CHESTNUT
Image_1260.jpg,PURPLE HAIRSTREAK
Image_1261.jpg,AN 88
Image_1262.jpg,YELLOW SWALLOW TAIL
Image_1263.jpg,MALACHITE
Image_1264.jpg,SOUTHERN DOGFACE
Image_1265.jpg,GREY HAIRSTREAK
Image_1266.jpg,EASTERN COMA
Image_1267.jpg,MANGROVE SKIPPER
Image_1268.jpg,ORANGE TIP
Image_1269.jpg,SOUTHERN DOGFACE
Image_127.jpg,SOUTHERN DOGFACE
Image_1270.jpg,SILVER SPOT SKIPPER
Image_1271.jpg,PAINTED LADY
Image_1272.jpg,ELBOWED PIERROT
Image_1273.jpg,MONARCH
Image_1274.jpg,LARGE MARBLE
Image_1275.jpg,AFRICAN GIANT SWALLOWTAIL
Image_1276.jpg,MONARCH
Image_1277.jpg,GREY HAIRSTREAK
Image_1278.jpg,POPINJAY
Image_1279.jpg,SLEEPY ORANGE
Image_128.jpg,GREY HAIRSTREAK
Image_1280.jpg,MANGROVE SKIPPER
Image_1281.jpg,AFRICAN GIANT SWALLOWTAIL
Image_1282.jpg,MOURNING CLOAK
Image_1283.jpg,GREAT EGGFLY
Image_1284.jpg,COPPER TAIL
Image_1285.jpg,MONARCH
Image_1286.jpg,CHECQUERED SKIPPER
Image_1287.jpg,TWO BARRED FLASHER
Image_1288.jpg,CLODIUS PARNASSIAN
Image_1289.jpg,RED SPOTTED PURPLE
Image_129.jpg,CABBAGE WHITE
Image_1290.jpg,ORANGE TIP
Image_1291.jpg,CLODIUS PARNASSIAN
Image_1292.jpg,SCARCE SWALLOW
Image_1293.jpg,SCARCE SWALLOW
Image_1294.jpg,SILVER SPOT SKIPPER
Image_1295.jpg,CHECQUERED SKIPPER
Image_1296.jpg,MONARCH
Image_1297.jpg,MESTRA
Image_1298.jpg,BLACK HAIRSTREAK
Image_1299.jpg,SOOTYWING
Image_13.jpg,EASTERN COMA
Image_130.jpg,AN 88
Image_131.jpg,CRECENT
Image_132.jpg,GREY HAIRSTREAK
Image_133.jpg,SCARCE SWALLOW
Image_134.jpg,SLEEPY ORANGE
Image_135.jpg,GREEN CELLED CATTLEHEART
Image_136.jpg,EASTERN DAPPLE WHITE
Image_137.jpg,MESTRA
Image_138.jpg,AFRICAN GIANT SWALLOWTAIL
Image_139.jpg,RED CRACKER
Image_14.jpg,EASTERN PINE ELFIN
Image_140.jpg,CHECQUERED SKIPPER
Image_141.jpg,SLEEPY ORANGE
Image_142.jpg,CRIMSON PATCH
Image_143.jpg,RED POSTMAN
Image_144.jpg,GREAT JAY
Image_145.jpg,GREY HAIRSTREAK
Image_146.jpg,MONARCH
Image_147.jpg,GOLD BANDED
Image_148.jpg,SCARCE SWALLOW
Image_149.jpg,ZEBRA LONG WING
Image_15.jpg,BANDED ORANGE HELICONIAN
Image_150.jpg,BLACK HAIRSTREAK
Image_151.jpg,BROWN SIPROETA
Image_152.jpg,PAPER KITE
Image_153.jpg,GREY HAIRSTREAK
Image_154.jpg,ULYSES
Image_155.jpg,APPOLLO
Image_156.jpg,RED POSTMAN
Image_157.jpg,ULYSES
Image_158.jpg,ULYSES
Image_159.jpg,VICEROY
Image_16.jpg,CHECQUERED SKIPPER
Image_160.jpg,RED POSTMAN
Image_161.jpg,CHESTNUT
Image_162.jpg,JULIA
Image_163.jpg,PEACOCK
Image_164.jpg,GREEN CELLED CATTLEHEART
Image_165.jpg,AN 88
Image_166.jpg,LARGE MARBLE
Image_167.jpg,PURPLE HAIRSTREAK
Image_168.jpg,RED CRACKER
Image_169.jpg,EASTERN PINE ELFIN
Image_17.jpg,BLUE SPOTTED CROW
Image_170.jpg,COMMON BANDED AWL
Image_171.jpg,BROWN SIPROETA
Image_172.jpg,EASTERN DAPPLE WHITE
Image_173.jpg,RED SPOTTED PURPLE
Image_174.jpg,PAINTED LADY
Image_175.jpg,POPINJAY
Image_176.jpg,LARGE MARBLE
Image_177.jpg,BLACK HAIRSTREAK
Image_178.jpg,SOUTHERN DOGFACE
Image_179.jpg,CAIRNS BIRDWING
Image_18.jpg,IPHICLUS SISTER
Image_180.jpg,IPHICLUS SISTER
Image_181.jpg,CHESTNUT
Image_182.jpg,MOURNING CLOAK
Image_183.jpg,CRECENT
Image_184.jpg,PURPLE HAIRSTREAK
Image_185.jpg,MALACHITE
Image_186.jpg,RED SPOTTED PURPLE
Image_187.jpg,BLACK HAIRSTREAK
Image_188.jpg,PAPER KITE
Image_189.jpg,CLODIUS PARNASSIAN
Image_19.jpg,SOOTYWING
Image_190.jpg,COMMON BANDED AWL
Image_191.jpg,GREAT JAY
Image_192.jpg,RED SPOTTED PURPLE
Image_193.jpg,MONARCH
Image_194.jpg,QUESTION MARK
Image_195.jpg,PAINTED LADY
Image_196.jpg,ORANGE OAKLEAF
Image_197.jpg,PEACOCK
Image_198.jpg,BROWN SIPROETA
Image_199.jpg,SOUTHERN DOGFACE
Image_2.jpg,ZEBRA LONG WING
Image_20.jpg,GREAT EGGFLY
Image_200.jpg,ORANGE TIP
Image_201.jpg,TWO BARRED FLASHER
Image_202.jpg,COMMON BANDED AWL
Image_203.jpg,GREY HAIRSTREAK
Image_204.jpg,ULYSES
Image_205.jpg,COMMON BANDED AWL
Image_206.jpg,ULYSES
Image_207.jpg,MONARCH
Image_208.jpg,PINE WHITE
Image_209.jpg,MESTRA
Image_21.jpg,EASTERN COMA
Image_210.jpg,ADONIS
Image_211.jpg,SILVER SPOT SKIPPER
Image_212.jpg,QUESTION MARK
Image_213.jpg,CRECENT
Image_214.jpg,RED SPOTTED PURPLE
Image_215.jpg,MOURNING CLOAK
Image_216.jpg,MILBERTS TORTOISESHELL
Image_217.jpg,BANDED PEACOCK
Image_218.jpg,COMMON WOOD-NYMPH
Image_219.jpg,IPHICLUS SISTER
Image_22.jpg,POPINJAY
Image_220.jpg,RED ADMIRAL
Image_221.jpg,PURPLISH COPPER
Image_222.jpg,SILVER SPOT SKIPPER
Image_223.jpg,AMERICAN SNOOT
Image_224.jpg,MESTRA
Image_225.jpg,MESTRA
Image_226.jpg,PINE WHITE
Image_227.jpg,CAIRNS BIRDWING
Image_228.jpg,ATALA
Image_229.jpg,PAPER KITE
Image_23.jpg,STRAITED QUEEN
Image_230.jpg,APPOLLO
Image_231.jpg,RED SPOTTED PURPLE
Image_232.jpg,MANGROVE SKIPPER
Image_233.jpg,SLEEPY ORANGE
Image_234.jpg,EASTERN DAPPLE WHITE
Image_235.jpg,CHECQUERED SKIPPER
Image_236.jpg,CAIRNS BIRDWING
Image_237.jpg,SLEEPY ORANGE
Image_238.jpg,CAIRNS BIRDWING
Image_239.jpg,GREEN CELLED CATTLEHEART
Image_24.jpg,BLACK HAIRSTREAK
Image_240.jpg,PURPLISH COPPER
Image_241.jpg,COMMON WOOD-NYMPH
Image_242.jpg,ADONIS
Image_243.jpg,PURPLISH COPPER
Image_244.jpg,GREAT JAY
Image_245.jpg,CRIMSON PATCH
Image_246.jpg,GREEN CELLED CATTLEHEART
Image_247.jpg,CLODIUS PARNASSIAN
Image_248.jpg,STRAITED QUEEN
Image_249.jpg,RED SPOTTED PURPLE
Image_25.jpg,GREY HAIRSTREAK
Image_250.jpg,RED SPOTTED PURPLE
Image_251.jpg,SCARCE SWALLOW
Image_252.jpg,CABBAGE WHITE
Image_253.jpg,ATALA
Image_254.jpg,WOOD SATYR
Image_255.jpg,SOOTYWING
Image_256.jpg,MESTRA
Image_257.jpg,MOURNING CLOAK
Image_258.jpg,BECKERS WHITE
Image_259.jpg,CABBAGE WHITE
Image_26.jpg,ORCHARD SWALLOW
Image_260.jpg,CABBAGE WHITE
Image_261.jpg,SLEEPY ORANGE
Image_262.jpg,MANGROVE SKIPPER
Image_263.jpg,ORANGE TIP
Image_264.jpg,CAIRNS BIRDWING
Image_265.jpg,ULYSES
Image_266.jpg,PAINTED LADY
Image_267.jpg,MILBERTS TORTOISESHELL
Image_268.jpg,CLEOPATRA
Image_269.jpg,COPPER TAIL
Image_27.jpg,PEACOCK
Image_270.jpg,MALACHITE
Image_271.jpg,GOLD BANDED
Image_272.jpg,QUESTION MARK
Image_273.jpg,CABBAGE WHITE
Image_274.jpg,CLOUDED SULPHUR
Image_275.jpg,IPHICLUS SISTER
Image_276.jpg,MONARCH
Image_277.jpg,TROPICAL LEAFWING
Image_278.jpg,APPOLLO
Image_279.jpg,CHECQUERED SKIPPER
Image_28.jpg,POPINJAY
Image_280.jpg,MESTRA
Image_281.jpg,BLACK HAIRSTREAK
Image_282.jpg,PIPEVINE SWALLOW
Image_283.jpg,VICEROY
Image_284.jpg,EASTERN DAPPLE WHITE
Image_285.jpg,MANGROVE SKIPPER
Image_286.jpg,WOOD SATYR
Image_287.jpg,CHESTNUT
Image_288.jpg,STRAITED QUEEN
Image_289.jpg,COMMON BANDED AWL
Image_29.jpg,EASTERN COMA
Image_290.jpg,BROWN SIPROETA
Image_291.jpg,CRIMSON PATCH
Image_292.jpg,PAPER KITE
Image_293.jpg,PURPLISH COPPER
Image_294.jpg,PINE WHITE
Image_295.jpg,SOOTYWING
Image_296.jpg,QUESTION MARK
Image_297.jpg,MALACHITE
Image_298.jpg,CAIRNS BIRDWING
Image_299.jpg,CLEOPATRA
Image_3.jpg,COMMON BANDED AWL
Image_30.jpg,EASTERN DAPPLE WHITE
Image_300.jpg,AMERICAN SNOOT
Image_301.jpg,SCARCE SWALLOW
Image_302.jpg,CHESTNUT
Image_303.jpg,CLOUDED SULPHUR
Image_304.jpg,COMMON BANDED AWL
Image_305.jpg,CRECENT
Image_306.jpg,GREEN CELLED CATTLEHEART
Image_307.jpg,STRAITED QUEEN
Image_308.jpg,GREEN CELLED CATTLEHEART
Image_309.jpg,CAIRNS BIRDWING
Image_31.jpg,PURPLE HAIRSTREAK
Image_310.jpg,EASTERN DAPPLE WHITE
Image_311.jpg,ADONIS
Image_312.jpg,MONARCH
Image_313.jpg,RED POSTMAN
Image_314.jpg,BLUE MORPHO
Image_315.jpg,RED SPOTTED PURPLE
Image_316.jpg,PIPEVINE SWALLOW
Image_317.jpg,GREAT JAY
Image_318.jpg,PURPLISH COPPER
Image_319.jpg,CRECENT
Image_32.jpg,RED POSTMAN
Image_320.jpg,MESTRA
Image_321.jpg,PINE WHITE
Image_322.jpg,SLEEPY ORANGE
Image_323.jpg,BROWN SIPROETA
Image_324.jpg,SLEEPY ORANGE
Image_325.jpg,RED ADMIRAL
Image_326.jpg,AN 88
Image_327.jpg,SLEEPY ORANGE
Image_328.jpg,ATALA
Image_329.jpg,JULIA
Image_33.jpg,EASTERN PINE ELFIN
Image_330.jpg,MILBERTS TORTOISESHELL
Image_331.jpg,PEACOCK
Image_332.jpg,ORANGE TIP
Image_333.jpg,GREAT EGGFLY
Image_334.jpg,EASTERN DAPPLE WHITE
Image_335.jpg,ADONIS
Image_336.jpg,PIPEVINE SWALLOW
Image_337.jpg,MOURNING CLOAK
Image_338.jpg,CLEOPATRA
Image_339.jpg,MILBERTS TORTOISESHELL
Image_34.jpg,PAPER KITE
Image_340.jpg,MALACHITE
Image_341.jpg,BANDED ORANGE HELICONIAN
Image_342.jpg,SOUTHERN DOGFACE
Image_343.jpg,BROWN SIPROETA
Image_344.jpg,CLEOPATRA
Image_345.jpg,AFRICAN GIANT SWALLOWTAIL
Image_346.jpg,EASTERN DAPPLE WHITE
Image_347.jpg,ZEBRA LONG WING
Image_348.jpg,CABBAGE WHITE
Image_349.jpg,SLEEPY ORANGE
Image_35.jpg,QUESTION MARK
Image_350.jpg,YELLOW SWALLOW TAIL
Image_351.jpg,RED SPOTTED PURPLE
Image_352.jpg,CABBAGE WHITE
Image_353.jpg,CRECENT
Image_354.jpg,CLEOPATRA
Image_355.jpg,SCARCE SWALLOW
Image_356.jpg,MILBERTS TORTOISESHELL
Image_357.jpg,AMERICAN SNOOT
Image_358.jpg,CLEOPATRA
Image_359.jpg,APPOLLO
Image_36.jpg,CHESTNUT
Image_360.jpg,APPOLLO
Image_361.jpg,INDRA SWALLOW
Image_362.jpg,MONARCH
Image_363.jpg,ULYSES
Image_364.jpg,BLUE SPOTTED CROW
Image_365.jpg,MESTRA
Image_366.jpg,ATALA
Image_367.jpg,ZEBRA LONG WING
Image_368.jpg,PAINTED LADY
Image_369.jpg,PURPLISH COPPER
Image_37.jpg,SLEEPY ORANGE
Image_370.jpg,ORCHARD SWALLOW
Image_371.jpg,GREAT EGGFLY
Image_372.jpg,RED POSTMAN
Image_373.jpg,MESTRA
Image_374.jpg,MANGROVE SKIPPER
Image_375.jpg,GREEN CELLED CATTLEHEART
Image_376.jpg,ZEBRA LONG WING
Image_377.jpg,COPPER TAIL
Image_378.jpg,QUESTION MARK
Image_379.jpg,MONARCH
Image_38.jpg,SLEEPY ORANGE
Image_380.jpg,CLODIUS PARNASSIAN
Image_381.jpg,STRAITED QUEEN
Image_382.jpg,GREY HAIRSTREAK
Image_383.jpg,BLUE SPOTTED CROW
Image_384.jpg,JULIA
Image_385.jpg,CRECENT
Image_386.jpg,MESTRA
Image_387.jpg,SILVER SPOT SKIPPER
Image_388.jpg,SLEEPY ORANGE
Image_389.jpg,ATALA
Image_39.jpg,BANDED PEACOCK
Image_390.jpg,ELBOWED PIERROT
Image_391.jpg,BROWN SIPROETA
Image_392.jpg,CLEOPATRA
Image_393.jpg,EASTERN PINE ELFIN
Image_394.jpg,AMERICAN SNOOT
Image_395.jpg,CLODIUS PARNASSIAN
Image_396.jpg,PAPER KITE
Image_397.jpg,MONARCH
Image_398.jpg,MALACHITE
Image_399.jpg,CHESTNUT
Image_4.jpg,PAPER KITE
Image_40.jpg,CRIMSON PATCH
Image_400.jpg,TWO BARRED FLASHER
Image_401.jpg,CRIMSON PATCH
Image_402.jpg,RED CRACKER
Image_403.jpg,AMERICAN SNOOT
Image_404.jpg,CHESTNUT
Image_405.jpg,SILVER SPOT SKIPPER
Image_406.jpg,YELLOW SWALLOW TAIL
Image_407.jpg,PEACOCK
Image_408.jpg,COMMON WOOD-NYMPH
Image_409.jpg,PAPER KITE
Image_41.jpg,GREAT JAY
Image_410.jpg,JULIA
Image_411.jpg,BROWN SIPROETA
Image_412.jpg,STRAITED QUEEN
Image_413.jpg,ORANGE OAKLEAF
Image_414.jpg,ATALA
Image_415.jpg,METALMARK
Image_416.jpg,AFRICAN GIANT SWALLOWTAIL
Image_417.jpg,LARGE MARBLE
Image_418.jpg,BLUE MORPHO
Image_419.jpg,YELLOW SWALLOW TAIL
Image_42.jpg,PAINTED LADY
Image_420.jpg,MILBERTS TORTOISESHELL
Image_421.jpg,JULIA
Image_422.jpg,MOURNING CLOAK
Image_423.jpg,CRECENT
Image_424.jpg,GREAT JAY
Image_425.jpg,GREEN CELLED CATTLEHEART
Image_426.jpg,ADONIS
Image_427.jpg,GREY HAIRSTREAK
Image_428.jpg,ULYSES
Image_429.jpg,LARGE MARBLE
Image_43.jpg,JULIA
Image_430.jpg,MOURNING CLOAK
Image_431.jpg,WOOD SATYR
Image_432.jpg,MONARCH
Image_433.jpg,COMMON BANDED AWL
Image_434.jpg,IPHICLUS SISTER
Image_435.jpg,ADONIS
Image_436.jpg,ELBOWED PIERROT
Image_437.jpg,AN 88
Image_438.jpg,MOURNING CLOAK
Image_439.jpg,ORCHARD SWALLOW
Image_44.jpg,MALACHITE
Image_440.jpg,GREAT JAY
Image_441.jpg,SOOTYWING
Image_442.jpg,LARGE MARBLE
Image_443.jpg,PURPLISH COPPER
Image_444.jpg,COMMON WOOD-NYMPH
Image_445.jpg,LARGE MARBLE
Image_446.jpg,CLODIUS PARNASSIAN
Image_447.jpg,IPHICLUS SISTER
Image_448.jpg,CRIMSON PATCH
Image_449.jpg,ORANGE OAKLEAF
Image_45.jpg,ATALA
Image_450.jpg,JULIA
Image_451.jpg,AFRICAN GIANT SWALLOWTAIL
Image_452.jpg,MONARCH
Image_453.jpg,CLEOPATRA
Image_454.jpg,ORANGE OAKLEAF
Image_455.jpg,SLEEPY ORANGE
Image_456.jpg,PAINTED LADY
Image_457.jpg,ZEBRA LONG WING
Image_458.jpg,MESTRA
Image_459.jpg,APPOLLO
Image_46.jpg,SILVER SPOT SKIPPER
Image_460.jpg,SILVER SPOT SKIPPER
Image_461.jpg,PINE WHITE
Image_462.jpg,ZEBRA LONG WING
Image_463.jpg,GREAT JAY
Image_464.jpg,EASTERN PINE ELFIN
Image_465.jpg,GREAT EGGFLY
Image_466.jpg,PAINTED LADY
Image_467.jpg,SCARCE SWALLOW
Image_468.jpg,POPINJAY
Image_469.jpg,RED ADMIRAL
Image_47.jpg,DANAID EGGFLY
Image_470.jpg,MALACHITE
Image_471.jpg,BANDED ORANGE HELICONIAN
Image_472.jpg,LARGE MARBLE
Image_473.jpg,ORCHARD SWALLOW
Image_474.jpg,ADONIS
Image_475.jpg,CHESTNUT
Image_476.jpg,MESTRA
Image_477.jpg,MANGROVE SKIPPER
Image_478.jpg,RED ADMIRAL
Image_479.jpg,RED SPOTTED PURPLE
Image_48.jpg,EASTERN COMA
Image_480.jpg,CRIMSON PATCH
Image_481.jpg,EASTERN PINE ELFIN
Image_482.jpg,CRIMSON PATCH
Image_483.jpg,COMMON BANDED AWL
Image_484.jpg,WOOD SATYR
Image_485.jpg,MONARCH
Image_486.jpg,EASTERN PINE ELFIN
Image_487.jpg,RED POSTMAN
Image_488.jpg,METALMARK
Image_489.jpg,BLACK HAIRSTREAK
Image_49.jpg,AMERICAN SNOOT
Image_490.jpg,GREAT JAY
Image_491.jpg,SILVER SPOT SKIPPER
Image_492.jpg,MILBERTS TORTOISESHELL
Image_493.jpg,AN 88
Image_494.jpg,ORANGE TIP
Image_495.jpg,PURPLISH COPPER
Image_496.jpg,ADONIS
Image_497.jpg,METALMARK
Image_498.jpg,APPOLLO
Image_499.jpg,TROPICAL LEAFWING
Image_5.jpg,MILBERTS TORTOISESHELL
Image_50.jpg,PEACOCK
Image_500.jpg,EASTERN DAPPLE WHITE
Image_501.jpg,RED ADMIRAL
Image_502.jpg,INDRA SWALLOW
Image_503.jpg,GREY HAIRSTREAK
Image_504.jpg,BLUE MORPHO
Image_505.jpg,CLEOPATRA
Image_506.jpg,GREY HAIRSTREAK
Image_507.jpg,PURPLISH COPPER
Image_508.jpg,COMMON WOOD-NYMPH
Image_509.jpg,APPOLLO
Image_51.jpg,ATALA
Image_510.jpg,CHESTNUT
Image_511.jpg,YELLOW SWALLOW TAIL
Image_512.jpg,MOURNING CLOAK
Image_513.jpg,GREAT JAY
Image_514.jpg,MONARCH
Image_515.jpg,PAINTED LADY
Image_516.jpg,ULYSES
Image_517.jpg,BROWN SIPROETA
Image_518.jpg,RED ADMIRAL
Image_519.jpg,BECKERS WHITE
Image_52.jpg,ADONIS
Image_520.jpg,BROWN SIPROETA
Image_521.jpg,ELBOWED PIERROT
Image_522.jpg,AN 88
Image_523.jpg,GREEN CELLED CATTLEHEART
Image_524.jpg,POPINJAY
Image_525.jpg,SCARCE SWALLOW
Image_526.jpg,TWO BARRED FLASHER
Image_527.jpg,MOURNING CLOAK
Image_528.jpg,IPHICLUS SISTER
Image_529.jpg,WOOD SATYR
Image_53.jpg,BANDED PEACOCK
Image_530.jpg,PINE WHITE
Image_531.jpg,CLOUDED SULPHUR
Image_532.jpg,EASTERN DAPPLE WHITE
Image_533.jpg,SLEEPY ORANGE
Image_534.jpg,CHECQUERED SKIPPER
Image_535.jpg,ULYSES
Image_536.jpg,ZEBRA LONG WING
Image_537.jpg,RED POSTMAN
Image_538.jpg,COMMON BANDED AWL
Image_539.jpg,SCARCE SWALLOW
Image_54.jpg,MONARCH
Image_540.jpg,PINE WHITE
Image_541.jpg,BLUE SPOTTED CROW
Image_542.jpg,ULYSES
Image_543.jpg,ORANGE OAKLEAF
Image_544.jpg,COMMON BANDED AWL
Image_545.jpg,BLACK HAIRSTREAK
Image_546.jpg,BECKERS WHITE
Image_547.jpg,MESTRA
Image_548.jpg,GREY HAIRSTREAK
Image_549.jpg,ADONIS
Image_55.jpg,CAIRNS BIRDWING
Image_550.jpg,IPHICLUS SISTER
Image_551.jpg,PURPLE HAIRSTREAK
Image_552.jpg,CRECENT
Image_553.jpg,ORANGE TIP
Image_554.jpg,BLUE SPOTTED CROW
Image_555.jpg,COPPER TAIL
Image_556.jpg,PAPER KITE
Image_557.jpg,METALMARK
Image_558.jpg,GOLD BANDED
Image_559.jpg,COPPER TAIL
Image_56.jpg,PINE WHITE
Image_560.jpg,AMERICAN SNOOT
Image_561.jpg,PURPLISH COPPER
Image_562.jpg,PEACOCK
Image_563.jpg,CLODIUS PARNASSIAN
Image_564.jpg,METALMARK
Image_565.jpg,STRAITED QUEEN
Image_566.jpg,QUESTION MARK
Image_567.jpg,MONARCH
Image_568.jpg,AFRICAN GIANT SWALLOWTAIL
Image_569.jpg,LARGE MARBLE
Image_57.jpg,BLACK HAIRSTREAK
Image_570.jpg,ZEBRA LONG WING
Image_571.jpg,BANDED ORANGE HELICONIAN
Image_572.jpg,RED CRACKER
Image_573.jpg,MOURNING CLOAK
Image_574.jpg,PURPLE HAIRSTREAK
Image_575.jpg,POPINJAY
Image_576.jpg,CHECQUERED SKIPPER
Image_577.jpg,GREY HAIRSTREAK
Image_578.jpg,MESTRA
Image_579.jpg,CRIMSON PATCH
Image_58.jpg,SILVER SPOT SKIPPER
Image_580.jpg,MANGROVE SKIPPER
Image_581.jpg,PINE WHITE
Image_582.jpg,PIPEVINE SWALLOW
Image_583.jpg,AFRICAN GIANT SWALLOWTAIL
Image_584.jpg,COPPER TAIL
Image_585.jpg,SLEEPY ORANGE
Image_586.jpg,COMMON BANDED AWL
Image_587.jpg,SOOTYWING
Image_588.jpg,MALACHITE
Image_589.jpg,SOUTHERN DOGFACE
Image_59.jpg,RED CRACKER
Image_590.jpg,PEACOCK
Image_591.jpg,RED SPOTTED PURPLE
Image_592.jpg,COMMON BANDED AWL
Image_593.jpg,CAIRNS BIRDWING
Image_594.jpg,METALMARK
Image_595.jpg,METALMARK
Image_596.jpg,PAINTED LADY
Image_597.jpg,CRECENT
Image_598.jpg,MANGROVE SKIPPER
Image_599.jpg,WOOD SATYR
Image_6.jpg,CLODIUS PARNASSIAN
Image_60.jpg,MOURNING CLOAK
Image_600.jpg,CHECQUERED SKIPPER
Image_601.jpg,POPINJAY
Image_602.jpg,RED POSTMAN
Image_603.jpg,SOUTHERN DOGFACE
Image_604.jpg,SCARCE SWALLOW
Image_605.jpg,EASTERN DAPPLE WHITE
Image_606.jpg,GREAT JAY
Image_607.jpg,METALMARK
Image_608.jpg,CABBAGE WHITE
Image_609.jpg,POPINJAY
Image_61.jpg,ADONIS
Image_610.jpg,PAPER KITE
Image_611.jpg,MOURNING CLOAK
Image_612.jpg,TWO BARRED FLASHER
Image_613.jpg,COMMON BANDED AWL
Image_614.jpg,AMERICAN SNOOT
Image_615.jpg,ADONIS
Image_616.jpg,ORANGE OAKLEAF
Image_617.jpg,ELBOWED PIERROT
Image_618.jpg,ORCHARD SWALLOW
Image_619.jpg,RED POSTMAN
Image_62.jpg,MOURNING CLOAK
Image_620.jpg,JULIA
Image_621.jpg,DANAID EGGFLY
Image_622.jpg,CHECQUERED SKIPPER
Image_623.jpg,BECKERS WHITE
Image_624.jpg,PIPEVINE SWALLOW
Image_625.jpg,DANAID EGGFLY
Image_626.jpg,MILBERTS TORTOISESHELL
Image_627.jpg,CHECQUERED SKIPPER
Image_628.jpg,GREY HAIRSTREAK
Image_629.jpg,METALMARK
Image_63.jpg,BLUE MORPHO
Image_630.jpg,PIPEVINE SWALLOW
Image_631.jpg,TWO BARRED FLASHER
Image_632.jpg,APPOLLO
Image_633.jpg,SCARCE SWALLOW
Image_634.jpg,PURPLISH COPPER
Image_635.jpg,LARGE MARBLE
Image_636.jpg,BECKERS WHITE
Image_637.jpg,SCARCE SWALLOW
Image_638.jpg,DANAID EGGFLY
Image_639.jpg,BROWN SIPROETA
Image_64.jpg,JULIA
Image_640.jpg,PURPLISH COPPER
Image_641.jpg,PEACOCK
Image_642.jpg,PAPER KITE
Image_643.jpg,PAPER KITE
Image_644.jpg,PINE WHITE
Image_645.jpg,ATALA
Image_646.jpg,PAINTED LADY
Image_647.jpg,SLEEPY ORANGE
Image_648.jpg,ATALA
Image_649.jpg,CAIRNS BIRDWING
Image_65.jpg,EASTERN COMA
Image_650.jpg,YELLOW SWALLOW TAIL
Image_651.jpg,BLUE SPOTTED CROW
Image_652.jpg,CHESTNUT
Image_653.jpg,STRAITED QUEEN
Image_654.jpg,PURPLISH COPPER
Image_655.jpg,GREAT JAY
Image_656.jpg,PURPLE HAIRSTREAK
Image_657.jpg,CRIMSON PATCH
Image_658.jpg,PINE WHITE
Image_659.jpg,CLODIUS PARNASSIAN
Image_66.jpg,INDRA SWALLOW
Image_660.jpg,RED CRACKER
Image_661.jpg,EASTERN PINE ELFIN
Image_662.jpg,ULYSES
Image_663.jpg,MOURNING CLOAK
Image_664.jpg,AFRICAN GIANT SWALLOWTAIL
Image_665.jpg,AN 88
Image_666.jpg,BANDED PEACOCK
Image_667.jpg,BROWN SIPROETA
Image_668.jpg,CHECQUERED SKIPPER
Image_669.jpg,MILBERTS TORTOISESHELL
Image_67.jpg,GREY HAIRSTREAK
Image_670.jpg,BANDED PEACOCK
Image_671.jpg,SLEEPY ORANGE
Image_672.jpg,MOURNING CLOAK
Image_673.jpg,SLEEPY ORANGE
Image_674.jpg,BECKERS WHITE
Image_675.jpg,RED ADMIRAL
Image_676.jpg,ORCHARD SWALLOW
Image_677.jpg,JULIA
Image_678.jpg,BECKERS WHITE
Image_679.jpg,AMERICAN SNOOT
Image_68.jpg,BLACK HAIRSTREAK
Image_680.jpg,MOURNING CLOAK
Image_681.jpg,SILVER SPOT SKIPPER
Image_682.jpg,YELLOW SWALLOW TAIL
Image_683.jpg,YELLOW SWALLOW TAIL
Image_684.jpg,SLEEPY ORANGE
Image_685.jpg,ATALA
Image_686.jpg,PAINTED LADY
Image_687.jpg,AMERICAN SNOOT
Image_688.jpg,MANGROVE SKIPPER
Image_689.jpg,CABBAGE WHITE
Image_69.jpg,INDRA SWALLOW
Image_690.jpg,STRAITED QUEEN
Image_691.jpg,GREAT JAY
Image_692.jpg,CRECENT
Image_693.jpg,EASTERN PINE ELFIN
Image_694.jpg,EASTERN DAPPLE WHITE
Image_695.jpg,CHECQUERED SKIPPER
Image_696.jpg,ATALA
Image_697.jpg,ELBOWED PIERROT
Image_698.jpg,MONARCH
Image_699.jpg,PAINTED LADY
Image_7.jpg,SOOTYWING
Image_70.jpg,ZEBRA LONG WING
Image_700.jpg,CABBAGE WHITE
Image_701.jpg,SOOTYWING
Image_702.jpg,BROWN SIPROETA
Image_703.jpg,SILVER SPOT SKIPPER
Image_704.jpg,RED POSTMAN
Image_705.jpg,CLOUDED SULPHUR
Image_706.jpg,GOLD BANDED
Image_707.jpg,RED SPOTTED PURPLE
Image_708.jpg,BANDED ORANGE HELICONIAN
Image_709.jpg,GREY HAIRSTREAK
Image_71.jpg,BANDED ORANGE HELICONIAN
Image_710.jpg,BANDED ORANGE HELICONIAN
Image_711.jpg,DANAID EGGFLY
Image_712.jpg,BANDED ORANGE HELICONIAN
Image_713.jpg,JULIA
Image_714.jpg,ELBOWED PIERROT
Image_715.jpg,JULIA
Image_716.jpg,BLUE MORPHO
Image_717.jpg,ELBOWED PIERROT
Image_718.jpg,GREY HAIRSTREAK
Image_719.jpg,PINE WHITE
Image_72.jpg,SILVER SPOT SKIPPER
Image_720.jpg,COMMON WOOD-NYMPH
Image_721.jpg,MONARCH
Image_722.jpg,JULIA
Image_723.jpg,ELBOWED PIERROT
Image_724.jpg,ULYSES
Image_725.jpg,JULIA
Image_726.jpg,ELBOWED PIERROT
Image_727.jpg,YELLOW SWALLOW TAIL
Image_728.jpg,AMERICAN SNOOT
Image_729.jpg,METALMARK
Image_73.jpg,MOURNING CLOAK
Image_730.jpg,GOLD BANDED
Image_731.jpg,BLUE SPOTTED CROW
Image_732.jpg,EASTERN DAPPLE WHITE
Image_733.jpg,INDRA SWALLOW
Image_734.jpg,MONARCH
Image_735.jpg,PAPER KITE
Image_736.jpg,COMMON WOOD-NYMPH
Image_737.jpg,GREY HAIRSTREAK
Image_738.jpg,ADONIS
Image_739.jpg,GREEN CELLED CATTLEHEART
Image_74.jpg,METALMARK
Image_740.jpg,ZEBRA LONG WING
Image_741.jpg,APPOLLO
Image_742.jpg,AN 88
Image_743.jpg,EASTERN DAPPLE WHITE
Image_744.jpg,CHECQUERED SKIPPER
Image_745.jpg,CRECENT
Image_746.jpg,MOURNING CLOAK
Image_747.jpg,MOURNING CLOAK
Image_748.jpg,ZEBRA LONG WING
Image_749.jpg,GREEN CELLED CATTLEHEART
Image_75.jpg,PEACOCK
Image_750.jpg,CABBAGE WHITE
Image_751.jpg,APPOLLO
Image_752.jpg,TROPICAL LEAFWING
Image_753.jpg,GREY HAIRSTREAK
Image_754.jpg,APPOLLO
Image_755.jpg,JULIA
Image_756.jpg,BANDED ORANGE HELICONIAN
Image_757.jpg,SLEEPY ORANGE
Image_758.jpg,ELBOWED PIERROT
Image_759.jpg,SLEEPY ORANGE
Image_76.jpg,CHECQUERED SKIPPER
Image_760.jpg,EASTERN PINE ELFIN
Image_761.jpg,CHECQUERED SKIPPER
Image_762.jpg,JULIA
Image_763.jpg,AN 88
Image_764.jpg,PURPLISH COPPER
Image_765.jpg,POPINJAY
Image_766.jpg,BLUE SPOTTED CROW
Image_767.jpg,GREY HAIRSTREAK
Image_768.jpg,YELLOW SWALLOW TAIL
Image_769.jpg,MOURNING CLOAK
Image_77.jpg,PAINTED LADY
Image_770.jpg,MONARCH
Image_771.jpg,PURPLE HAIRSTREAK
Image_772.jpg,BANDED ORANGE HELICONIAN
Image_773.jpg,SLEEPY ORANGE
Image_774.jpg,ATALA
Image_775.jpg,ORANGE TIP
Image_776.jpg,PURPLISH COPPER
Image_777.jpg,ORCHARD SWALLOW
Image_778.jpg,GREY HAIRSTREAK
Image_779.jpg,GREAT EGGFLY
Image_78.jpg,SLEEPY ORANGE
Image_780.jpg,AMERICAN SNOOT
Image_781.jpg,SOUTHERN DOGFACE
Image_782.jpg,PEACOCK
Image_783.jpg,APPOLLO
Image_784.jpg,WOOD SATYR
Image_785.jpg,GREY HAIRSTREAK
Image_786.jpg,PURPLE HAIRSTREAK
Image_787.jpg,WOOD SATYR
Image_788.jpg,PAPER KITE
Image_789.jpg,SLEEPY ORANGE
Image_79.jpg,DANAID EGGFLY
Image_790.jpg,MILBERTS TORTOISESHELL
Image_791.jpg,PINE WHITE
Image_792.jpg,ORANGE OAKLEAF
Image_793.jpg,MILBERTS TORTOISESHELL
Image_794.jpg,IPHICLUS SISTER
Image_795.jpg,EASTERN DAPPLE WHITE
Image_796.jpg,WOOD SATYR
Image_797.jpg,LARGE MARBLE
Image_798.jpg,BANDED ORANGE HELICONIAN
Image_799.jpg,EASTERN PINE ELFIN
Image_8.jpg,COMMON WOOD-NYMPH
Image_80.jpg,POPINJAY
Image_800.jpg,COMMON WOOD-NYMPH
Image_801.jpg,YELLOW SWALLOW TAIL
Image_802.jpg,VICEROY
Image_803.jpg,CABBAGE WHITE
Image_804.jpg,SCARCE SWALLOW
Image_805.jpg,MILBERTS TORTOISESHELL
Image_806.jpg,POPINJAY
Image_807.jpg,PURPLISH COPPER
Image_808.jpg,EASTERN DAPPLE WHITE
Image_809.jpg,INDRA SWALLOW
Image_81.jpg,POPINJAY
Image_810.jpg,GREEN CELLED CATTLEHEART
Image_811.jpg,CHECQUERED SKIPPER
Image_812.jpg,AMERICAN SNOOT
Image_813.jpg,BECKERS WHITE
Image_814.jpg,ELBOWED PIERROT
Image_815.jpg,PURPLISH COPPER
Image_816.jpg,SLEEPY ORANGE
Image_817.jpg,EASTERN COMA
Image_818.jpg,CHECQUERED SKIPPER
Image_819.jpg,PINE WHITE
Image_82.jpg,SLEEPY ORANGE
Image_820.jpg,BLACK HAIRSTREAK
Image_821.jpg,ZEBRA LONG WING
Image_822.jpg,MESTRA
Image_823.jpg,RED SPOTTED PURPLE
Image_824.jpg,COMMON WOOD-NYMPH
Image_825.jpg,PIPEVINE SWALLOW
Image_826.jpg,PEACOCK
Image_827.jpg,EASTERN DAPPLE WHITE
Image_828.jpg,PEACOCK
Image_829.jpg,APPOLLO
Image_83.jpg,ULYSES
Image_830.jpg,SLEEPY ORANGE
Image_831.jpg,CLEOPATRA
Image_832.jpg,PEACOCK
Image_833.jpg,SLEEPY ORANGE
Image_834.jpg,GREAT EGGFLY
Image_835.jpg,COMMON BANDED AWL
Image_836.jpg,COPPER TAIL
Image_837.jpg,SOUTHERN DOGFACE
Image_838.jpg,PAINTED LADY
Image_839.jpg,BECKERS WHITE
Image_84.jpg,SLEEPY ORANGE
Image_840.jpg,PINE WHITE
Image_841.jpg,YELLOW SWALLOW TAIL
Image_842.jpg,MANGROVE SKIPPER
Image_843.jpg,SOUTHERN DOGFACE
Image_844.jpg,BLUE MORPHO
Image_845.jpg,MONARCH
Image_846.jpg,PURPLISH COPPER
Image_847.jpg,CHECQUERED SKIPPER
Image_848.jpg,PINE WHITE
Image_849.jpg,COMMON WOOD-NYMPH
Image_85.jpg,INDRA SWALLOW
Image_850.jpg,ATALA
Image_851.jpg,YELLOW SWALLOW TAIL
Image_852.jpg,GREEN CELLED CATTLEHEART
Image_853.jpg,PURPLISH COPPER
Image_854.jpg,MESTRA
Image_855.jpg,BANDED ORANGE HELICONIAN
Image_856.jpg,GREY HAIRSTREAK
Image_857.jpg,BLUE SPOTTED CROW
Image_858.jpg,ELBOWED PIERROT
Image_859.jpg,GREAT EGGFLY
Image_86.jpg,ATALA
Image_860.jpg,BLUE MORPHO
Image_861.jpg,GREEN CELLED CATTLEHEART
Image_862.jpg,CLEOPATRA
Image_863.jpg,SLEEPY ORANGE
Image_864.jpg,INDRA SWALLOW
Image_865.jpg,SILVER SPOT SKIPPER
Image_866.jpg,ELBOWED PIERROT
Image_867.jpg,LARGE MARBLE
Image_868.jpg,JULIA
Image_869.jpg,PAINTED LADY
Image_87.jpg,POPINJAY
Image_870.jpg,ELBOWED PIERROT
Image_871.jpg,AN 88
Image_872.jpg,GREAT EGGFLY
Image_873.jpg,BANDED PEACOCK
Image_874.jpg,BANDED ORANGE HELICONIAN
Image_875.jpg,CHECQUERED SKIPPER
Image_876.jpg,SLEEPY ORANGE
Image_877.jpg,GREAT JAY
Image_878.jpg,EASTERN PINE ELFIN
Image_879.jpg,COMMON WOOD-NYMPH
Image_88.jpg,ATALA
Image_880.jpg,MONARCH
Image_881.jpg,PAINTED LADY
Image_882.jpg,MANGROVE SKIPPER
Image_883.jpg,COMMON WOOD-NYMPH
Image_884.jpg,CHESTNUT
Image_885.jpg,WOOD SATYR
Image_886.jpg,MANGROVE SKIPPER
Image_887.jpg,MOURNING CLOAK
Image_888.jpg,ATALA
Image_889.jpg,ATALA
Image_89.jpg,BANDED ORANGE HELICONIAN
Image_890.jpg,WOOD SATYR
Image_891.jpg,INDRA SWALLOW
Image_892.jpg,PINE WHITE
Image_893.jpg,BLACK HAIRSTREAK
Image_894.jpg,GOLD BANDED
Image_895.jpg,GOLD BANDED
Image_896.jpg,AFRICAN GIANT SWALLOWTAIL
Image_897.jpg,CABBAGE WHITE
Image_898.jpg,CLODIUS PARNASSIAN
Image_899.jpg,PAPER KITE
Image_9.jpg,YELLOW SWALLOW TAIL
Image_90.jpg,MOURNING CLOAK
Image_900.jpg,MILBERTS TORTOISESHELL
Image_901.jpg,INDRA SWALLOW
Image_902.jpg,PINE WHITE
Image_903.jpg,TROPICAL LEAFWING
Image_904.jpg,INDRA SWALLOW
Image_905.jpg,GREEN CELLED CATTLEHEART
Image_906.jpg,EASTERN COMA
Image_907.jpg,PAINTED LADY
Image_908.jpg,LARGE MARBLE
Image_909.jpg,RED SPOTTED PURPLE
Image_91.jpg,SILVER SPOT SKIPPER
Image_910.jpg,CHESTNUT
Image_911.jpg,SOOTYWING
Image_912.jpg,INDRA SWALLOW
Image_913.jpg,SOOTYWING
Image_914.jpg,VICEROY
Image_915.jpg,IPHICLUS SISTER
Image_916.jpg,CRECENT
Image_917.jpg,MOURNING CLOAK
Image_918.jpg,ULYSES
Image_919.jpg,AN 88
Image_92.jpg,MALACHITE
Image_920.jpg,RED SPOTTED PURPLE
Image_921.jpg,ATALA
Image_922.jpg,CLEOPATRA
Image_923.jpg,ORCHARD SWALLOW
Image_924.jpg,SLEEPY ORANGE
Image_925.jpg,MOURNING CLOAK
Image_926.jpg,ATALA
Image_927.jpg,PIPEVINE SWALLOW
Image_928.jpg,EASTERN DAPPLE WHITE
Image_929.jpg,CHESTNUT
Image_93.jpg,GREY HAIRSTREAK
Image_930.jpg,POPINJAY
Image_931.jpg,IPHICLUS SISTER
Image_932.jpg,APPOLLO
Image_933.jpg,JULIA
Image_934.jpg,SOUTHERN DOGFACE
Image_935.jpg,QUESTION MARK
Image_936.jpg,RED ADMIRAL
Image_937.jpg,APPOLLO
Image_938.jpg,MILBERTS TORTOISESHELL
Image_939.jpg,GOLD BANDED
Image_94.jpg,COMMON BANDED AWL
Image_940.jpg,COMMON BANDED AWL
Image_941.jpg,BROWN SIPROETA
Image_942.jpg,POPINJAY
Image_943.jpg,MANGROVE SKIPPER
Image_944.jpg,JULIA
Image_945.jpg,MOURNING CLOAK
Image_946.jpg,CRIMSON PATCH
Image_947.jpg,WOOD SATYR
Image_948.jpg,MOURNING CLOAK
Image_949.jpg,PEACOCK
Image_95.jpg,EASTERN DAPPLE WHITE
Image_950.jpg,GREAT JAY
Image_951.jpg,PIPEVINE SWALLOW
Image_952.jpg,RED CRACKER
Image_953.jpg,CLODIUS PARNASSIAN
Image_954.jpg,ELBOWED PIERROT
Image_955.jpg,COPPER TAIL
Image_956.jpg,SCARCE SWALLOW
Image_957.jpg,CAIRNS BIRDWING
Image_958.jpg,ATALA
Image_959.jpg,SLEEPY ORANGE
Image_96.jpg,YELLOW SWALLOW TAIL
Image_960.jpg,GREAT EGGFLY
Image_961.jpg,GREY HAIRSTREAK
Image_962.jpg,PINE WHITE
Image_963.jpg,GREAT EGGFLY
Image_964.jpg,MONARCH
Image_965.jpg,CRIMSON PATCH
Image_966.jpg,VICEROY
Image_967.jpg,PURPLE HAIRSTREAK
Image_968.jpg,YELLOW SWALLOW TAIL
Image_969.jpg,GREEN CELLED CATTLEHEART
Image_97.jpg,CLEOPATRA
Image_970.jpg,BLACK HAIRSTREAK
Image_971.jpg,GREAT JAY
Image_972.jpg,SOUTHERN DOGFACE
Image_973.jpg,PEACOCK
Image_974.jpg,COPPER TAIL
Image_975.jpg,ATALA
Image_976.jpg,ORCHARD SWALLOW
Image_977.jpg,MILBERTS TORTOISESHELL
Image_978.jpg,ZEBRA LONG WING
Image_979.jpg,CAIRNS BIRDWING
Image_98.jpg,POPINJAY
Image_980.jpg,EASTERN COMA
Image_981.jpg,SLEEPY ORANGE
Image_982.jpg,MANGROVE SKIPPER
Image_983.jpg,ORANGE TIP
Image_984.jpg,SLEEPY ORANGE
Image_985.jpg,GREY HAIRSTREAK
Image_986.jpg,LARGE MARBLE
Image_987.jpg,SCARCE SWALLOW
Image_988.jpg,PAINTED LADY
Image_989.jpg,COPPER TAIL
Image_99.jpg,VICEROY
Image_990.jpg,CRIMSON PATCH
Image_991.jpg,MALACHITE
Image_992.jpg,JULIA
Image_993.jpg,DANAID EGGFLY
Image_994.jpg,GREEN CELLED CATTLEHEART
Image_995.jpg,INDRA SWALLOW
Image_996.jpg,EASTERN DAPPLE WHITE
Image_997.jpg,PINE WHITE
Image_998.jpg,MONARCH
Image_999.jpg,AFRICAN GIANT SWALLOWTAIL
